{
  "a": {
    "x": 89.19469026548673,
    "y": 234.61946902654867,
    "w": 83.04204102719449,
    "h": 55.379538252923844
  },
  "b": {
    "x": 1306.2857142857142,
    "y": 337,
    "w": 44.63731394157099,
    "h": 92.39666042202423
  },
  "c": {
    "x": 202.6904761904762,
    "y": 300.8809523809524,
    "w": 97.69475577594966,
    "h": 55.87540804763572
  },
  "d": {
    "x": 200.64285714285714,
    "y": 239.51785714285714,
    "w": 93.46493394611169,
    "h": 50.32738482442045
  },
  "e": {
    "x": 178.17703349282297,
    "y": 174.65071770334927,
    "w": 85.78598583388033,
    "h": 54.06455852620553
  },
  "f": {
    "x": 237.85,
    "y": 239.2,
    "w": 96.60326081452946,
    "h": 69.41872946114758
  },
  "g": {
    "x": 264,
    "y": 238.03846153846155,
    "w": 51.61395160225576,
    "h": 51.51945688640188
  },
  "h": {
    "x": 1312.7755102040817,
    "y": 268.46938775510205,
    "w": 73.21691312927584,
    "h": 78.09039070973779
  },
  "i": {
    "x": 1391.5089285714287,
    "y": 204.3125,
    "w": 95.17613739852047,
    "h": 65.40821336040298
  },
  "j": {
    "x": 1365.8181818181818,
    "y": 265.09090909090907,
    "w": 123.59571524307094,
    "h": 60.78331654531475
  },
  "k": {
    "x": 1422.5384615384614,
    "y": 271.96153846153845,
    "w": 81.01676355132537,
    "h": 82.27594642996668
  },
  "l": {
    "x": 1473.108695652174,
    "y": 273.82608695652175,
    "w": 88.49372795050755,
    "h": 80.37492484863321
  },
  "m": {
    "x": 1407.142857142857,
    "y": 337.25,
    "w": 88.4976651369621,
    "h": 75.97297451819863
  },
  "n": {
    "x": 1325.578313253012,
    "y": 338.0240963855422,
    "w": 93.01746660040018,
    "h": 78.20811478096932
  },
  "o": {
    "x": 1450.63,
    "y": 203.19,
    "w": 96.63783731023784,
    "h": 72.34763575957406
  },
  "p": {
    "x": 1496,
    "y": 204.5,
    "w": 81.22695477375834,
    "h": 65.72048248591773
  },
  "q": {
    "x": 68.3125,
    "y": 186,
    "w": 83.96567378994823,
    "h": 54.415071441651165
  },
  "r": {
    "x": 214.86075949367088,
    "y": 176.36708860759492,
    "w": 100.1662454047001,
    "h": 54.793139122125446
  },
  "s": {
    "x": 150.04132231404958,
    "y": 239.28099173553719,
    "w": 87.34223377906183,
    "h": 48.87359865596474
  },
  "t": {
    "x": 260.2201834862385,
    "y": 178.55963302752295,
    "w": 63.09812959526623,
    "h": 42.499762100959614
  },
  "u": {
    "x": 1361.2156862745098,
    "y": 203.13725490196077,
    "w": 92.91600552673896,
    "h": 77.26823812432488
  },
  "v": {
    "x": 257.42857142857144,
    "y": 302.77142857142854,
    "w": 77.1752313020869,
    "h": 65.80624621429433
  },
  "w": {
    "x": 120.52631578947368,
    "y": 182.52631578947367,
    "w": 82.25330782527502,
    "h": 44.66160856684848
  },
  "x": {
    "x": 157.52380952380952,
    "y": 297.85714285714283,
    "w": 79.87030303011534,
    "h": 59.75050166299519
  },
  "y": {
    "x": 1298.0731707317073,
    "y": 206.58536585365854,
    "w": 83.35350777012789,
    "h": 71.16559937361471
  },
  "z": {
    "x": 130.22222222222223,
    "y": 296.77777777777777,
    "w": 143.85486513226522,
    "h": 48.56153027059817
  }
}
