{
  "a": {
    "x": 63.68,
    "y": 252.2,
    "w": 35.60665106409194,
    "h": 26.993332510084777
  },
  "b": {
    "x": 1315.2857142857142,
    "y": 319,
    "w": 42.87428228708502,
    "h": 22.219682394541234
  },
  "c": {
    "x": 185.21052631578948,
    "y": 314.7894736842105,
    "w": 26.518795926589917,
    "h": 32.31561803486156
  },
  "d": {
    "x": 170.64705882352942,
    "y": 256.2352941176471,
    "w": 33.62401514488816,
    "h": 28.923954703832294
  },
  "e": {
    "x": 145.28048780487805,
    "y": 189.9878048780488,
    "w": 83.58752941893007,
    "h": 29.639204627015076
  },
  "f": {
    "x": 221.8,
    "y": 255.46666666666667,
    "w": 34.306850627826506,
    "h": 14.005713120009275
  },
  "g": {
    "x": 267.5625,
    "y": 246.125,
    "w": 63.17720613480783,
    "h": 150.89545221775242
  },
  "h": {
    "x": 1341.8076923076924,
    "y": 256.7692307692308,
    "w": 31.177768592987366,
    "h": 20.469634026033862
  },
  "i": {
    "x": 1413.5531914893618,
    "y": 192.29787234042553,
    "w": 31.984774558077,
    "h": 22.20689577606591
  },
  "j": {
    "x": 1386.8,
    "y": 251.8,
    "w": 99.78055922873953,
    "h": 9.600000000000001
  },
  "k": { "x": 1443.6, "y": 252.8, "w": 19.2, "h": 18.356470248934023 },
  "l": {
    "x": 1495,
    "y": 255.3684210526316,
    "w": 33.26449031308722,
    "h": 36.011078627743416
  },
  "m": {
    "x": 1415.5555555555557,
    "y": 314.6666666666667,
    "w": 26.699979192667712,
    "h": 21.908902300206645
  },
  "n": {
    "x": 1360.7560975609756,
    "y": 317.8292682926829,
    "w": 31.715271047376632,
    "h": 26.133324025622855
  },
  "o": {
    "x": 1464.2340425531916,
    "y": 191.85106382978722,
    "w": 28.900165334481116,
    "h": 22.140012918323688
  },
  "p": {
    "x": 1516.0833333333333,
    "y": 194.83333333333334,
    "w": 22.776083947860744,
    "h": 26.248809496813372
  },
  "q": {
    "x": 44.6,
    "y": 188.2,
    "w": 15.919798993705921,
    "h": 17.95995545651492
  },
  "r": {
    "x": 195.13513513513513,
    "y": 190.24324324324326,
    "w": 29.43232075029067,
    "h": 21.448359849842987
  },
  "s": {
    "x": 117.05405405405405,
    "y": 256.3783783783784,
    "w": 30.36895111970497,
    "h": 29.897707268734727
  },
  "t": {
    "x": 247.47272727272727,
    "y": 192.29090909090908,
    "w": 32.19642195612518,
    "h": 27.475753398103357
  },
  "u": {
    "x": 1363.8260869565217,
    "y": 193.91304347826087,
    "w": 35.23767531797104,
    "h": 22.58292846034346
  },
  "v": {
    "x": 240.93333333333334,
    "y": 320.93333333333334,
    "w": 21.294130646729855,
    "h": 29.431955422635447
  },
  "w": {
    "x": 94.85714285714286,
    "y": 187,
    "w": 33.54923278419587,
    "h": 20.784609690826528
  },
  "x": {
    "x": 127.5,
    "y": 315,
    "w": 29.74894956128703,
    "h": 15.491933384829668
  },
  "y": {
    "x": 1310.8125,
    "y": 195.1875,
    "w": 29.790675974203744,
    "h": 25.65120611199403
  },
  "z": {
    "x": 86.33333333333333,
    "y": 319.3333333333333,
    "w": 24.657656011875908,
    "h": 26.981475126464083
  }
}
