{
  "a": {
    "x": 82.01162790697674,
    "y": 242.51162790697674,
    "w": 66.28791862594476,
    "h": 59.683426607173146
  },
  "b": {
    "x": 1301.375,
    "y": 345.25,
    "w": 59.0502963582741,
    "h": 78.76071355695046
  },
  "c": {
    "x": 200.80645161290323,
    "y": 304.5483870967742,
    "w": 106.57576338112972,
    "h": 58.26867334549784
  },
  "d": {
    "x": 203,
    "y": 246.15151515151516,
    "w": 102.81492640132117,
    "h": 58.436374950499555
  },
  "e": {
    "x": 188.57037037037037,
    "y": 177.7925925925926,
    "w": 116.47383852920964,
    "h": 64.18762620649474
  },
  "f": {
    "x": 264.1578947368421,
    "y": 250.10526315789474,
    "w": 104.05538691344321,
    "h": 81.19904752248979
  },
  "g": {
    "x": 280.52941176470586,
    "y": 245.58823529411765,
    "w": 49.65319170372416,
    "h": 57.0346825826272
  },
  "h": {
    "x": 1308.53125,
    "y": 282.6875,
    "w": 71.24580579760467,
    "h": 70.88888752830023
  },
  "i": {
    "x": 1375.5,
    "y": 211.65714285714284,
    "w": 95.92899159571849,
    "h": 61.4640163520287
  },
  "j": {
    "x": 1329.5454545454545,
    "y": 281.27272727272725,
    "w": 143.96280511367632,
    "h": 71.0892815437969
  },
  "k": {
    "x": 1407.2272727272727,
    "y": 280.04545454545456,
    "w": 87.02222571616426,
    "h": 80.4471491207295
  },
  "l": {
    "x": 1456.125,
    "y": 282.71875,
    "w": 95.25590532875114,
    "h": 69.60443479944362
  },
  "m": {
    "x": 1405.851851851852,
    "y": 346.3703703703704,
    "w": 85.73919685035082,
    "h": 88.16874953781372
  },
  "n": {
    "x": 1315.3859649122808,
    "y": 344.280701754386,
    "w": 55.650273212152825,
    "h": 73.85979080704834
  },
  "o": {
    "x": 1435.1460674157304,
    "y": 205.22471910112358,
    "w": 102.99468953526488,
    "h": 68.21365989327836
  },
  "p": {
    "x": 1469.090909090909,
    "y": 203.63636363636363,
    "w": 150.2388181507657,
    "h": 66.82653009072776
  },
  "q": {
    "x": 71.58333333333333,
    "y": 185.16666666666666,
    "w": 123.68003072444637,
    "h": 67.11929677819934
  },
  "r": {
    "x": 226.89473684210526,
    "y": 183.01754385964912,
    "w": 127.30246226018932,
    "h": 63.07380366793551
  },
  "s": {
    "x": 149.7625,
    "y": 250.5125,
    "w": 86.41480992862277,
    "h": 66.96786076171165
  },
  "t": {
    "x": 274.9220779220779,
    "y": 184.2077922077922,
    "w": 45.528237110948666,
    "h": 40.7667281716626
  },
  "u": {
    "x": 1343.8,
    "y": 213.11428571428573,
    "w": 128.08318725399857,
    "h": 65.03088120427158
  },
  "v": {
    "x": 276.8888888888889,
    "y": 307.8888888888889,
    "w": 46.77131124477435,
    "h": 52.034176802900944
  },
  "w": {
    "x": 132,
    "y": 179.94444444444446,
    "w": 96.41576634555159,
    "h": 60.48048353716172
  },
  "x": {
    "x": 153,
    "y": 303.90909090909093,
    "w": 102.14428297978574,
    "h": 61.479284961187076
  },
  "y": {
    "x": 1294.1935483870968,
    "y": 217.3548387096774,
    "w": 69.97838227218348,
    "h": 67.97710332518466
  },
  "z": {
    "x": 119.41666666666667,
    "y": 297.0833333333333,
    "w": 111.07992617930566,
    "h": 87.101951757696
  }
}
