{
  "a": {
    "x": 79.60227272727273,
    "y": 246.52272727272728,
    "w": 85.47506704751311,
    "h": 84.5339068360068
  },
  "b": {
    "x": 1278.1818181818182,
    "y": 386.54545454545456,
    "w": 68.25813910237378,
    "h": 145.5903911096851
  },
  "c": {
    "x": 201.55172413793105,
    "y": 310.2068965517241,
    "w": 147.53914815333633,
    "h": 102.22951027228537
  },
  "d": {
    "x": 207.54545454545453,
    "y": 254.12121212121212,
    "w": 108.70568347531196,
    "h": 89.89396876228521
  },
  "e": {
    "x": 182.32,
    "y": 191.23333333333332,
    "w": 124.5291676676593,
    "h": 96.88694442493272
  },
  "f": {
    "x": 246.38095238095238,
    "y": 259.6666666666667,
    "w": 99.48110270759149,
    "h": 84.33267456923207
  },
  "g": {
    "x": 282.4761904761905,
    "y": 263.42857142857144,
    "w": 76.7396872018432,
    "h": 93.73344751834038
  },
  "h": {
    "x": 1283.9333333333334,
    "y": 318.84444444444443,
    "w": 75.74060997905946,
    "h": 86.46808017348883
  },
  "i": {
    "x": 1357.9444444444443,
    "y": 241.79166666666666,
    "w": 126.296828498933,
    "h": 101.70023352972206
  },
  "j": {
    "x": 1325.25,
    "y": 304.75,
    "w": 163.76125915490513,
    "h": 191.54829678177774
  },
  "k": {
    "x": 1394.388888888889,
    "y": 306.3888888888889,
    "w": 143.09631566031166,
    "h": 150.4279081671867
  },
  "l": {
    "x": 1436.3111111111111,
    "y": 308.31111111111113,
    "w": 153.4344014735794,
    "h": 118.51630923866787
  },
  "m": {
    "x": 1383.2962962962963,
    "y": 372.51851851851853,
    "w": 88.25440219146488,
    "h": 84.60686135092308
  },
  "n": {
    "x": 1296.0983606557377,
    "y": 379.8524590163934,
    "w": 96.9524772972382,
    "h": 82.17336698306194
  },
  "o": {
    "x": 1418.860465116279,
    "y": 239.1860465116279,
    "w": 104.94980643756222,
    "h": 92.78261898736571
  },
  "p": {
    "x": 1463.2631578947369,
    "y": 228.6315789473684,
    "w": 132.3417886779188,
    "h": 119.73460958011238
  },
  "q": {
    "x": 68.57142857142857,
    "y": 187.85714285714286,
    "w": 115.27217127037972,
    "h": 96.61030493900824
  },
  "r": {
    "x": 221.75757575757575,
    "y": 194.83333333333334,
    "w": 129.6403161452792,
    "h": 82.2120318555513
  },
  "s": {
    "x": 147.33823529411765,
    "y": 256.45588235294116,
    "w": 99.17156414491049,
    "h": 91.8770946375164
  },
  "t": {
    "x": 272.93617021276594,
    "y": 204.54255319148936,
    "w": 66.78914206298946,
    "h": 72.33785039221327
  },
  "u": {
    "x": 1326.8285714285714,
    "y": 247.02857142857144,
    "w": 118.2253262000238,
    "h": 99.70513261305936
  },
  "v": {
    "x": 272.47058823529414,
    "y": 315.88235294117646,
    "w": 101.8466178329641,
    "h": 84.57489872775308
  },
  "w": {
    "x": 120.22222222222223,
    "y": 194.88888888888889,
    "w": 149.60689229518212,
    "h": 70.90525760164444
  },
  "x": {
    "x": 162.5,
    "y": 307.1,
    "w": 111.0648459234514,
    "h": 63.749823529167514
  },
  "y": {
    "x": 1277.8846153846155,
    "y": 251.30769230769232,
    "w": 96.95191878561775,
    "h": 97.82546951181529
  },
  "z": {
    "x": 114.66666666666667,
    "y": 315.8333333333333,
    "w": 118.52425912023244,
    "h": 77.10382610480494
  }
}
