{
  "a": {
    "x": 59.19767441860465,
    "y": 237.32558139534885,
    "w": 78.2294644467527,
    "h": 53.481556694209175
  },
  "b": {
    "x": 1293.3125,
    "y": 332.375,
    "w": 57.81206080914259,
    "h": 84.39749700079973
  },
  "c": {
    "x": 197.0625,
    "y": 302.75,
    "w": 134.84105226154236,
    "h": 66.99813430238189
  },
  "d": {
    "x": 193.45454545454547,
    "y": 240.36363636363637,
    "w": 103.1231310874978,
    "h": 57.71689240960126
  },
  "e": {
    "x": 177.4558823529412,
    "y": 170.78676470588235,
    "w": 129.9035408708933,
    "h": 62.694250038494545
  },
  "f": {
    "x": 258.10526315789474,
    "y": 247.52631578947367,
    "w": 123.40784353060931,
    "h": 67.64089634774041
  },
  "g": {
    "x": 277.7647058823529,
    "y": 239.41176470588235,
    "w": 47.2229490863841,
    "h": 43.22052568896461
  },
  "h": {
    "x": 1300.71875,
    "y": 264.375,
    "w": 62.96846308867638,
    "h": 76.34911590843734
  },
  "i": {
    "x": 1387.9571428571428,
    "y": 186.0857142857143,
    "w": 97.59093718377832,
    "h": 52.93951882158754
  },
  "j": {
    "x": 1326.090909090909,
    "y": 262.3636363636364,
    "w": 176.59422601307503,
    "h": 81.51945465717559
  },
  "k": {
    "x": 1412.7727272727273,
    "y": 256.09090909090907,
    "w": 83.94020894473607,
    "h": 55.6390373689089
  },
  "l": {
    "x": 1471.96875,
    "y": 263.9375,
    "w": 113.70835432697986,
    "h": 80.87403399732203
  },
  "m": {
    "x": 1405.7777777777778,
    "y": 330.5925925925926,
    "w": 78.25315045131126,
    "h": 59.49250393697814
  },
  "n": {
    "x": 1309.1896551724137,
    "y": 328.7758620689655,
    "w": 78.57446463241797,
    "h": 72.29287934700497
  },
  "o": {
    "x": 1446.3626373626373,
    "y": 179.30769230769232,
    "w": 78.40982689683136,
    "h": 62.30744810696956
  },
  "p": {
    "x": 1487.6363636363637,
    "y": 178.63636363636363,
    "w": 114.76602140625721,
    "h": 84.04957214949043
  },
  "q": {
    "x": 48,
    "y": 177.66666666666666,
    "w": 75.65712127751095,
    "h": 53.235326616824665
  },
  "r": {
    "x": 221.94736842105263,
    "y": 173.71929824561403,
    "w": 139.50176479984572,
    "h": 50.75954940654696
  },
  "s": {
    "x": 132.45454545454547,
    "y": 242.37662337662337,
    "w": 88.12087866220098,
    "h": 58.62081599112214
  },
  "t": {
    "x": 273.87179487179486,
    "y": 174.30769230769232,
    "w": 62.71811644315792,
    "h": 51.37471115972881
  },
  "u": {
    "x": 1348.4857142857143,
    "y": 189.4,
    "w": 120.49928782921057,
    "h": 46.41379105395292
  },
  "v": {
    "x": 266.65,
    "y": 302.15,
    "w": 92.37418470546845,
    "h": 80.43749125874078
  },
  "w": {
    "x": 111.05555555555556,
    "y": 176.27777777777777,
    "w": 103.4885930375367,
    "h": 64.646904196738
  },
  "x": {
    "x": 135.1818181818182,
    "y": 294.90909090909093,
    "w": 86.2611832491138,
    "h": 72.65405405239224
  },
  "y": {
    "x": 1286.774193548387,
    "y": 194.1290322580645,
    "w": 72.82925165029314,
    "h": 54.71020997914867
  },
  "z": {
    "x": 109.08333333333333,
    "y": 296.25,
    "w": 95.41881365852333,
    "h": 63.17238320658798
  }
}
