{
  "a": {
    "x": 91.75294117647059,
    "y": 229.45882352941177,
    "w": 67.76926455254682,
    "h": 89.93434283276464
  },
  "b": {
    "x": 1288.6666666666667,
    "y": 362.73333333333335,
    "w": 56.48362594593233,
    "h": 39.88784275941732
  },
  "c": {
    "x": 200.6451612903226,
    "y": 305.96774193548384,
    "w": 129.4912481624777,
    "h": 63.19525265695748
  },
  "d": {
    "x": 200.93939393939394,
    "y": 237.3030303030303,
    "w": 98.05682279101117,
    "h": 116.02963428821903
  },
  "e": {
    "x": 186.7537313432836,
    "y": 168.53731343283582,
    "w": 109.87290598197555,
    "h": 82.17524428318221
  },
  "f": {
    "x": 247.3684210526316,
    "y": 240,
    "w": 91.95169152009767,
    "h": 69.42773600165707
  },
  "g": {
    "x": 270.6470588235294,
    "y": 237.05882352941177,
    "w": 39.68980066486363,
    "h": 79.39843025301948
  },
  "h": {
    "x": 1303.71875,
    "y": 284.09375,
    "w": 106.67135202925854,
    "h": 81.80653148587831
  },
  "i": {
    "x": 1373.2112676056338,
    "y": 211.59154929577466,
    "w": 121.82381156112746,
    "h": 64.79105935808968
  },
  "j": {
    "x": 1334.5454545454545,
    "y": 272.90909090909093,
    "w": 184.05191506207296,
    "h": 72.69908544674678
  },
  "k": {
    "x": 1410.409090909091,
    "y": 268.5,
    "w": 126.73369619823342,
    "h": 97.3834968284948
  },
  "l": {
    "x": 1451.28125,
    "y": 276.4375,
    "w": 127.05127840265914,
    "h": 91.49923155415021
  },
  "m": {
    "x": 1396.962962962963,
    "y": 346.0740740740741,
    "w": 114.80396603464513,
    "h": 73.66457178184416
  },
  "n": {
    "x": 1311.4745762711864,
    "y": 346.0508474576271,
    "w": 97.66577624464233,
    "h": 80.4258273377335
  },
  "o": {
    "x": 1430.7111111111112,
    "y": 206.32222222222222,
    "w": 112.31827792285438,
    "h": 88.42546139106214
  },
  "p": {
    "x": 1471.4545454545455,
    "y": 204.0909090909091,
    "w": 125.24092484566835,
    "h": 94.60767183610393
  },
  "q": {
    "x": 76.91666666666667,
    "y": 177.08333333333334,
    "w": 105.34111258193543,
    "h": 51.407684250508694
  },
  "r": {
    "x": 216.68421052631578,
    "y": 174.3684210526316,
    "w": 117.51187834107044,
    "h": 80.03918707823091
  },
  "s": {
    "x": 155.81012658227849,
    "y": 236.64556962025316,
    "w": 93.38239529655415,
    "h": 84.0869602751769
  },
  "t": {
    "x": 266.52564102564105,
    "y": 174.12820512820514,
    "w": 59.99787964695233,
    "h": 70.43398856775136
  },
  "u": {
    "x": 1340.142857142857,
    "y": 211.77142857142857,
    "w": 153.28724536580575,
    "h": 77.39881346978525
  },
  "v": {
    "x": 262.2631578947368,
    "y": 313.36842105263156,
    "w": 62.044394792823596,
    "h": 58.37409207892472
  },
  "w": {
    "x": 129.94444444444446,
    "y": 176.55555555555554,
    "w": 101.6950779973588,
    "h": 82.02980488145079
  },
  "x": {
    "x": 157.0909090909091,
    "y": 301.6363636363636,
    "w": 73.14787468032091,
    "h": 85.63115212862684
  },
  "y": {
    "x": 1287.483870967742,
    "y": 214.48387096774192,
    "w": 124.90185949665924,
    "h": 92.9874618113125
  },
  "z": {
    "x": 132.08333333333334,
    "y": 290.9166666666667,
    "w": 115.89111268772942,
    "h": 85.1160971849626
  }
}
