{
  "a": {
    "x": 87.91304347826087,
    "y": 226.98136645962734,
    "w": 81.87933000879839,
    "h": 56.89141818600723
  },
  "b": {
    "x": 1304.5333333333333,
    "y": 359.23333333333335,
    "w": 93.48882286134531,
    "h": 114.39597895031099
  },
  "c": {
    "x": 187.76923076923077,
    "y": 301.34615384615387,
    "w": 144.70316484845716,
    "h": 83.74316186867625
  },
  "d": {
    "x": 193.30769230769232,
    "y": 240.96923076923076,
    "w": 96.7122982823449,
    "h": 63.37553332992211
  },
  "e": {
    "x": 177.60402684563758,
    "y": 172.5,
    "w": 105.5489629381376,
    "h": 69.90621713861273
  },
  "f": {
    "x": 236.70967741935485,
    "y": 241.19354838709677,
    "w": 82.81926211274201,
    "h": 65.00575496815823
  },
  "g": {
    "x": 267.5833333333333,
    "y": 240.08333333333334,
    "w": 68.44158092855541,
    "h": 95.20635482991669
  },
  "h": {
    "x": 1300.9375,
    "y": 272.2916666666667,
    "w": 116.70415320373135,
    "h": 92.89476572983
  },
  "i": {
    "x": 1371.109489051095,
    "y": 200.45985401459853,
    "w": 133.2535280729415,
    "h": 93.96944102956002
  },
  "j": {
    "x": 1339.3846153846155,
    "y": 268.15384615384613,
    "w": 164.15723448308972,
    "h": 111.15509714494328
  },
  "k": {
    "x": 1405.6333333333334,
    "y": 269.8666666666667,
    "w": 149.42677136309942,
    "h": 100.08476407525772
  },
  "l": {
    "x": 1451.6164383561643,
    "y": 271.8904109589041,
    "w": 130.40870263962782,
    "h": 105.97443723532913
  },
  "m": {
    "x": 1396.5625,
    "y": 339.1041666666667,
    "w": 130.45635045868792,
    "h": 98.11910810336587
  },
  "n": {
    "x": 1313.9830508474577,
    "y": 344.6101694915254,
    "w": 110.86863427013014,
    "h": 117.28461834640012
  },
  "o": {
    "x": 1433.2558139534883,
    "y": 193.25581395348837,
    "w": 119.11482614008145,
    "h": 99.6508670045269
  },
  "p": {
    "x": 1482.9705882352941,
    "y": 193.76470588235293,
    "w": 148.47805751697402,
    "h": 103.40272998076043
  },
  "q": { "x": 72.5, "y": 174.4, "w": 81.9280171858199, "h": 59.34846249061553 },
  "r": {
    "x": 210.8595041322314,
    "y": 175.93388429752065,
    "w": 110.64073407849907,
    "h": 54.95700488350873
  },
  "s": {
    "x": 143.69230769230768,
    "y": 235.94615384615383,
    "w": 100.86658831869579,
    "h": 66.35698506906127
  },
  "t": {
    "x": 262.5245901639344,
    "y": 180.36065573770492,
    "w": 64.16623801120505,
    "h": 62.26573942250876
  },
  "u": {
    "x": 1340.2368421052631,
    "y": 201.31578947368422,
    "w": 141.41049458169408,
    "h": 95.54106019312056
  },
  "v": {
    "x": 252.44117647058823,
    "y": 307.2352941176471,
    "w": 90.47160176897279,
    "h": 75.86757722081548
  },
  "w": {
    "x": 132,
    "y": 177.05263157894737,
    "w": 123.24045815524943,
    "h": 64.01731067830009
  },
  "x": {
    "x": 149.36,
    "y": 295.24,
    "w": 103.14249560680604,
    "h": 109.05194358653125
  },
  "y": {
    "x": 1290.28,
    "y": 202.36,
    "w": 100.0330825277318,
    "h": 107.81824706421449
  },
  "z": {
    "x": 126.36363636363636,
    "y": 298.3636363636364,
    "w": 114.566231881839,
    "h": 63.87177237078304
  }
}
