{
  "a": {
    "x": 86.05813953488372,
    "y": 237.9418604651163,
    "w": 74.7013849754646,
    "h": 51.23424714039689
  },
  "b": {
    "x": 1296.0625,
    "y": 360.8125,
    "w": 65.84534436845175,
    "h": 112.9932934956761
  },
  "c": {
    "x": 207.32258064516128,
    "y": 308.4516129032258,
    "w": 118.84659005079344,
    "h": 63.714177056291476
  },
  "d": {
    "x": 205.1818181818182,
    "y": 244.33333333333334,
    "w": 96.9662120585915,
    "h": 72.83855123116155
  },
  "e": {
    "x": 189.99248120300751,
    "y": 175.74436090225564,
    "w": 103.76012422106447,
    "h": 55.14649647317471
  },
  "f": {
    "x": 256.5263157894737,
    "y": 249.42105263157896,
    "w": 88.95963789559417,
    "h": 75.75262261991337
  },
  "g": {
    "x": 275.70588235294116,
    "y": 245.7058823529412,
    "w": 52.25675234924158,
    "h": 61.93690281888374
  },
  "h": {
    "x": 1310.59375,
    "y": 283.25,
    "w": 88.21810241526396,
    "h": 89.44830909525345
  },
  "i": {
    "x": 1383.056338028169,
    "y": 209.88732394366198,
    "w": 96.33684209796198,
    "h": 78.03281625455116
  },
  "j": {
    "x": 1340.5454545454545,
    "y": 276.90909090909093,
    "w": 127.41706101624116,
    "h": 79.4942692461237
  },
  "k": {
    "x": 1411.7391304347825,
    "y": 273.0869565217391,
    "w": 76.04336639562209,
    "h": 120.57141833251592
  },
  "l": {
    "x": 1464.1875,
    "y": 280.34375,
    "w": 106.37779079770364,
    "h": 100.66340493818993
  },
  "m": {
    "x": 1395.0740740740741,
    "y": 351.6296296296296,
    "w": 83.40944672199387,
    "h": 117.17961310908592
  },
  "n": {
    "x": 1314.948275862069,
    "y": 355.7413793103448,
    "w": 81.20795079482602,
    "h": 92.5873627359947
  },
  "o": {
    "x": 1437.6593406593406,
    "y": 208.1098901098901,
    "w": 93.08437766118168,
    "h": 87.05034791482882
  },
  "p": {
    "x": 1490.909090909091,
    "y": 201.8181818181818,
    "w": 128.3407138945986,
    "h": 103.72818898487837
  },
  "q": {
    "x": 82.25,
    "y": 189.08333333333334,
    "w": 109.90336664543082,
    "h": 53.073062847361655
  },
  "r": {
    "x": 225.92857142857142,
    "y": 181.5,
    "w": 126.88392574414183,
    "h": 46.32339735875536
  },
  "s": {
    "x": 152.92307692307693,
    "y": 245.33333333333334,
    "w": 94.68215280173766,
    "h": 60.951430853401
  },
  "t": {
    "x": 274.72727272727275,
    "y": 179.45454545454547,
    "w": 52.996179497415795,
    "h": 46.006108110457184
  },
  "u": {
    "x": 1344.142857142857,
    "y": 212.62857142857143,
    "w": 113.89748344319936,
    "h": 63.69350077375498
  },
  "v": {
    "x": 264.5263157894737,
    "y": 318.89473684210526,
    "w": 68.39303069903721,
    "h": 61.92373112510498
  },
  "w": {
    "x": 124.38888888888889,
    "y": 183.38888888888889,
    "w": 103.88722517978596,
    "h": 58.07370795425032
  },
  "x": {
    "x": 164.54545454545453,
    "y": 302.90909090909093,
    "w": 113.65105359595695,
    "h": 58.197725098250785
  },
  "y": {
    "x": 1290.741935483871,
    "y": 217.41935483870967,
    "w": 88.56229398989947,
    "h": 81.09885284887021
  },
  "z": {
    "x": 130.91666666666666,
    "y": 305.5833333333333,
    "w": 111.9408325857906,
    "h": 48.21566135603658
  }
}
