{
  "a": {
    "x": 98.45348837209302,
    "y": 247.8372093023256,
    "w": 81.44789333903748,
    "h": 55.813430230105354
  },
  "b": {
    "x": 1303.4117647058824,
    "y": 326.2352941176471,
    "w": 99.42547764801702,
    "h": 55.54760419838043
  },
  "c": {
    "x": 215.03225806451613,
    "y": 311.5483870967742,
    "w": 122.60858764714774,
    "h": 58.34833858838634
  },
  "d": {
    "x": 208.15151515151516,
    "y": 250.78787878787878,
    "w": 87.93536318895575,
    "h": 45.66496749367448
  },
  "e": {
    "x": 187.52592592592592,
    "y": 177.8148148148148,
    "w": 100.96555090294808,
    "h": 58.90641248708635
  },
  "f": {
    "x": 271.3157894736842,
    "y": 254.3684210526316,
    "w": 112.83984679593797,
    "h": 54.963699932312664
  },
  "g": {
    "x": 289.52941176470586,
    "y": 250.88235294117646,
    "w": 52.3520158543474,
    "h": 47.59605112869116
  },
  "h": {
    "x": 1314.1290322580646,
    "y": 253.58064516129033,
    "w": 75.01342231611247,
    "h": 55.133779217663474
  },
  "i": {
    "x": 1392.125,
    "y": 183.22222222222223,
    "w": 90.02742637663258,
    "h": 48.313789151982505
  },
  "j": {
    "x": 1354.25,
    "y": 247.25,
    "w": 153.05146193356012,
    "h": 37.23909236273086
  },
  "k": {
    "x": 1420.9545454545455,
    "y": 244.5909090909091,
    "w": 82.2773479365437,
    "h": 73.45482673213473
  },
  "l": {
    "x": 1476.09375,
    "y": 250.75,
    "w": 118.27535074456554,
    "h": 42.45291509425472
  },
  "m": {
    "x": 1406.4074074074074,
    "y": 324.25925925925924,
    "w": 96.68173573478785,
    "h": 58.59675969636528
  },
  "n": {
    "x": 1344.3333333333333,
    "y": 320.57142857142856,
    "w": 90.28842672236568,
    "h": 49.39305082081644
  },
  "o": {
    "x": 1449.7111111111112,
    "y": 177.72222222222223,
    "w": 86.46499612881247,
    "h": 61.024767285277065
  },
  "p": {
    "x": 1499.8333333333333,
    "y": 182.08333333333334,
    "w": 110.6300140106653,
    "h": 56.20275793944634
  },
  "q": {
    "x": 74.75,
    "y": 184.91666666666666,
    "w": 124.18031244927677,
    "h": 61.89305292195563
  },
  "r": {
    "x": 223.47368421052633,
    "y": 184.17543859649123,
    "w": 122.64508622246241,
    "h": 50.01207610400398
  },
  "s": {
    "x": 158.1184210526316,
    "y": 252.27631578947367,
    "w": 96.72244824475769,
    "h": 52.65517234341972
  },
  "t": {
    "x": 282.97402597402595,
    "y": 184.92207792207793,
    "w": 63.357789409297204,
    "h": 51.43943214719199
  },
  "u": {
    "x": 1358.1714285714286,
    "y": 182.37142857142857,
    "w": 116.54293769478531,
    "h": 48.95659051753951
  },
  "v": {
    "x": 278.6842105263158,
    "y": 318.2631578947368,
    "w": 95.46666253991336,
    "h": 51.86451559437663
  },
  "w": {
    "x": 130.16666666666666,
    "y": 181.88888888888889,
    "w": 91.37286249209882,
    "h": 59.962951524716956
  },
  "x": {
    "x": 158.27272727272728,
    "y": 306.90909090909093,
    "w": 115.07410476200482,
    "h": 59.422009446093035
  },
  "y": {
    "x": 1297.8125,
    "y": 188.53125,
    "w": 93.39156479575658,
    "h": 43.75745472202422
  },
  "z": {
    "x": 140,
    "y": 303.6666666666667,
    "w": 127.37346662472525,
    "h": 51.9807656734681
  }
}
