{
  "a": {
    "x": 79.88571428571429,
    "y": 237.1238095238095,
    "w": 77.01716744747661,
    "h": 80.55250030956486
  },
  "b": {
    "x": 1301.8461538461538,
    "y": 347.38461538461536,
    "w": 92.04886790634765,
    "h": 68.63435405256625
  },
  "c": {
    "x": 188.83870967741936,
    "y": 311.6774193548387,
    "w": 117.38865249082136,
    "h": 69.64515381971901
  },
  "d": {
    "x": 192.45454545454547,
    "y": 243.5681818181818,
    "w": 87.81394682052701,
    "h": 60.05993906916437
  },
  "e": {
    "x": 174.43654822335026,
    "y": 179.54314720812184,
    "w": 98.27487728862322,
    "h": 60.65864365883493
  },
  "f": {
    "x": 228.36363636363637,
    "y": 247.4090909090909,
    "w": 100.03255668378276,
    "h": 65.64347732793016
  },
  "g": {
    "x": 262.8333333333333,
    "y": 244.16666666666666,
    "w": 84.75848040166835,
    "h": 74.39085965358916
  },
  "h": {
    "x": 1316.225806451613,
    "y": 269.11290322580646,
    "w": 119.6385816470689,
    "h": 68.17334977208264
  },
  "i": {
    "x": 1387.8617021276596,
    "y": 203.2127659574468,
    "w": 126.63245847038033,
    "h": 62.622714296474356
  },
  "j": {
    "x": 1370.5,
    "y": 270.625,
    "w": 93.33809511662427,
    "h": 73.05092401879664
  },
  "k": {
    "x": 1424.5,
    "y": 273.9583333333333,
    "w": 130.4568894309534,
    "h": 81.0273873452674
  },
  "l": {
    "x": 1469.0227272727273,
    "y": 273.3636363636364,
    "w": 105.86904236948308,
    "h": 78.0114422630869
  },
  "m": {
    "x": 1408.6315789473683,
    "y": 347.36842105263156,
    "w": 87.30079818009047,
    "h": 80.85567320353394
  },
  "n": {
    "x": 1328.9024390243903,
    "y": 343.5121951219512,
    "w": 153.71385763731314,
    "h": 77.99011514722984
  },
  "o": {
    "x": 1452.945652173913,
    "y": 202.41304347826087,
    "w": 124.95017343409266,
    "h": 70.7232017554398
  },
  "p": {
    "x": 1506.1363636363637,
    "y": 203.5,
    "w": 113.26984528655308,
    "h": 80.39165492647966
  },
  "q": {
    "x": 70,
    "y": 181.57142857142858,
    "w": 106.8991514064942,
    "h": 63.40540117339519
  },
  "r": {
    "x": 205.70833333333334,
    "y": 181.56944444444446,
    "w": 102.15888360783902,
    "h": 57.66130755445014
  },
  "s": {
    "x": 136.62222222222223,
    "y": 242.54444444444445,
    "w": 115.17492010946758,
    "h": 56.150947355221795
  },
  "t": {
    "x": 256.49038461538464,
    "y": 182.26923076923077,
    "w": 66.34522574601692,
    "h": 56.91631976525978
  },
  "u": {
    "x": 1354.62,
    "y": 201.48,
    "w": 171.4946109940484,
    "h": 64.19988785036934
  },
  "v": {
    "x": 252.10526315789474,
    "y": 306.89473684210526,
    "w": 42.33228272447423,
    "h": 65.60825567942192
  },
  "w": {
    "x": 115.92857142857143,
    "y": 183.78571428571428,
    "w": 59.069830691810736,
    "h": 54.340761563921234
  },
  "x": {
    "x": 146.31578947368422,
    "y": 306.6842105263158,
    "w": 77.42833340841342,
    "h": 91.53537983628436
  },
  "y": {
    "x": 1308.0294117647059,
    "y": 206.02941176470588,
    "w": 119.42052995937738,
    "h": 61.40390416224999
  },
  "z": {
    "x": 104.88888888888889,
    "y": 312.6666666666667,
    "w": 59.62847939999439,
    "h": 42.80186911806539
  }
}
