{
  "a": {
    "x": 88.3010752688172,
    "y": 232.32258064516128,
    "w": 70.33441747080398,
    "h": 63.948535499320116
  },
  "b": {
    "x": 1298.6666666666667,
    "y": 342.1666666666667,
    "w": 70.71067811865476,
    "h": 62.393909959225994
  },
  "c": {
    "x": 198.8709677419355,
    "y": 300.0967741935484,
    "w": 85.04067705152573,
    "h": 56.86700624776872
  },
  "d": {
    "x": 199.4857142857143,
    "y": 238.05714285714285,
    "w": 87.49510073747686,
    "h": 59.72410035542859
  },
  "e": {
    "x": 183.98666666666668,
    "y": 171.76666666666668,
    "w": 95.75966583066162,
    "h": 63.98531081427987
  },
  "f": {
    "x": 242.95652173913044,
    "y": 241.04347826086956,
    "w": 78.23999721664903,
    "h": 50.33903955769998
  },
  "g": {
    "x": 270.4736842105263,
    "y": 238.21052631578948,
    "w": 68.97235384969738,
    "h": 55.83136461021015
  },
  "h": {
    "x": 1306.6285714285714,
    "y": 266.8,
    "w": 73.49988754676944,
    "h": 74.86857055629456
  },
  "i": {
    "x": 1379.0684931506848,
    "y": 193.75342465753425,
    "w": 105.8988708098747,
    "h": 61.162283478036535
  },
  "j": {
    "x": 1340,
    "y": 256.1818181818182,
    "w": 130.2780243800298,
    "h": 79.30316346487818
  },
  "k": {
    "x": 1410.6538461538462,
    "y": 264.5769230769231,
    "w": 82.16583749996713,
    "h": 67.70196609418188
  },
  "l": {
    "x": 1463.1351351351352,
    "y": 270.1081081081081,
    "w": 108.55857500654058,
    "h": 73.8911603593754
  },
  "m": {
    "x": 1404.2592592592594,
    "y": 334.037037037037,
    "w": 100.30078221818735,
    "h": 55.26859220163488
  },
  "n": {
    "x": 1315.2380952380952,
    "y": 336.6984126984127,
    "w": 80.80109112215385,
    "h": 61.28747176227241
  },
  "o": {
    "x": 1438.621359223301,
    "y": 191.59223300970874,
    "w": 91.72565618949449,
    "h": 64.81335834912456
  },
  "p": {
    "x": 1484.4166666666667,
    "y": 189.08333333333334,
    "w": 84.65665951359054,
    "h": 63.61407077054572
  },
  "q": {
    "x": 73,
    "y": 178.41666666666666,
    "w": 87.2238499494261,
    "h": 55.88157120196246
  },
  "r": {
    "x": 219.37313432835822,
    "y": 175,
    "w": 96.67951202987888,
    "h": 50.61531831136888
  },
  "s": {
    "x": 153.96428571428572,
    "y": 237.0952380952381,
    "w": 89.02542058425828,
    "h": 65.77636818983622
  },
  "t": {
    "x": 267.6219512195122,
    "y": 174.9268292682927,
    "w": 57.356193188574395,
    "h": 58.38896019128032
  },
  "u": {
    "x": 1354.7674418604652,
    "y": 192.93023255813952,
    "w": 107.78923006451791,
    "h": 51.29496668636531
  },
  "v": {
    "x": 264.5,
    "y": 306.45,
    "w": 64.2168202264796,
    "h": 65.30015313917725
  },
  "w": {
    "x": 127.5,
    "y": 181.0909090909091,
    "w": 86.94355535738009,
    "h": 47.136867710112654
  },
  "x": {
    "x": 160.36363636363637,
    "y": 296.72727272727275,
    "w": 62.94271303309814,
    "h": 64.57592110668541
  },
  "y": {
    "x": 1291.1764705882354,
    "y": 199.6764705882353,
    "w": 86.2571194594362,
    "h": 67.69044644403218
  },
  "z": {
    "x": 124.6923076923077,
    "y": 294.53846153846155,
    "w": 149.46151866661256,
    "h": 43.36988293230834
  }
}
