{
  "a": {
    "x": 91.14388489208633,
    "y": 237.26618705035972,
    "w": 80.4004546891872,
    "h": 90.36207896822575
  },
  "b": {
    "x": 1309.96875,
    "y": 345.0625,
    "w": 80.39334452397163,
    "h": 112.21902412247222
  },
  "c": {
    "x": 196.2340425531915,
    "y": 307.8723404255319,
    "w": 97.85087646232634,
    "h": 96.91018275679617
  },
  "d": {
    "x": 194,
    "y": 248.53846153846155,
    "w": 95.8773254657301,
    "h": 98.75467182417543
  },
  "e": {
    "x": 176.73540856031127,
    "y": 179.50194552529183,
    "w": 102.52805025991557,
    "h": 84.15681501543992
  },
  "f": {
    "x": 231.14814814814815,
    "y": 251.22222222222223,
    "w": 87.52452918968798,
    "h": 86.58457650695583
  },
  "g": {
    "x": 268.9024390243902,
    "y": 249.65853658536585,
    "w": 53.923602511265685,
    "h": 97.89839212898045
  },
  "h": {
    "x": 1308.4239130434783,
    "y": 269.95652173913044,
    "w": 81.10492573947684,
    "h": 121.48401841262347
  },
  "i": {
    "x": 1374.7711864406779,
    "y": 198.38135593220338,
    "w": 99.20521417151635,
    "h": 118.88871749401389
  },
  "j": {
    "x": 1348.5833333333333,
    "y": 271.3333333333333,
    "w": 141.5512274761332,
    "h": 121.96720870791461
  },
  "k": {
    "x": 1406.081081081081,
    "y": 267.7837837837838,
    "w": 100.16030977998612,
    "h": 108.15426041885473
  },
  "l": {
    "x": 1448.8311688311687,
    "y": 267.4415584415584,
    "w": 127.16677805829275,
    "h": 112.30590948286363
  },
  "m": {
    "x": 1400.4571428571428,
    "y": 340.7142857142857,
    "w": 83.72210592435049,
    "h": 120.1590782322861
  },
  "n": {
    "x": 1318.6237623762377,
    "y": 347.38613861386136,
    "w": 93.91998421506122,
    "h": 122.82120392072383
  },
  "o": {
    "x": 1430.774647887324,
    "y": 192.08450704225353,
    "w": 113.93859213289738,
    "h": 109.18944297618208
  },
  "p": {
    "x": 1481.5555555555557,
    "y": 195.85185185185185,
    "w": 141.49990184527417,
    "h": 105.0168710725879
  },
  "q": {
    "x": 72,
    "y": 188.42857142857142,
    "w": 98.2242332624694,
    "h": 71.48797529826186
  },
  "r": {
    "x": 209.31313131313132,
    "y": 183.21212121212122,
    "w": 97.43490681063653,
    "h": 82.30441378763123
  },
  "s": {
    "x": 147.19642857142858,
    "y": 246.26785714285714,
    "w": 83.87684576271357,
    "h": 83.37001828582979
  },
  "t": {
    "x": 262.1575342465753,
    "y": 187.41095890410958,
    "w": 59.29595851481498,
    "h": 85.02603665562599
  },
  "u": {
    "x": 1341.676923076923,
    "y": 193.90769230769232,
    "w": 134.05714934288596,
    "h": 99.52224811479333
  },
  "v": {
    "x": 253.74193548387098,
    "y": 313.6774193548387,
    "w": 83.73646783681313,
    "h": 106.72785272526806
  },
  "w": {
    "x": 127.95833333333333,
    "y": 186.29166666666666,
    "w": 104.34767606420374,
    "h": 85.75801711793481
  },
  "x": {
    "x": 151.71428571428572,
    "y": 302.92857142857144,
    "w": 68.46420187788294,
    "h": 99.562409921555
  },
  "y": {
    "x": 1288.4871794871794,
    "y": 198.74358974358975,
    "w": 91.42837595076315,
    "h": 108.97608445089463
  },
  "z": {
    "x": 126,
    "y": 320.2857142857143,
    "w": 130.51108327319506,
    "h": 67.09846556839175
  }
}
