{
  "a": {
    "x": 78.1078431372549,
    "y": 228.40196078431373,
    "w": 75.57733956719674,
    "h": 61.91793318439326
  },
  "b": {
    "x": 1303.8181818181818,
    "y": 349.27272727272725,
    "w": 97.49914176354632,
    "h": 84.70190802538333
  },
  "c": {
    "x": 190.20689655172413,
    "y": 300.41379310344826,
    "w": 99.95780322557968,
    "h": 48.80829542951524
  },
  "d": {
    "x": 188.92105263157896,
    "y": 241.6578947368421,
    "w": 93.15909901094929,
    "h": 56.5750304641735
  },
  "e": {
    "x": 170.5028901734104,
    "y": 171.5664739884393,
    "w": 103.98835383816014,
    "h": 67.16804393334033
  },
  "f": {
    "x": 229.14285714285714,
    "y": 240.23809523809524,
    "w": 100.09628018124573,
    "h": 59.739570859946866
  },
  "g": {
    "x": 260.89285714285717,
    "y": 240.57142857142858,
    "w": 63.15978279938355,
    "h": 61.490666290229186
  },
  "h": {
    "x": 1307.7796610169491,
    "y": 269.03389830508473,
    "w": 84.10212530375803,
    "h": 69.90132989230204
  },
  "i": {
    "x": 1383.0481927710844,
    "y": 201.73493975903614,
    "w": 113.9901211234839,
    "h": 64.84365555807612
  },
  "j": {
    "x": 1348.888888888889,
    "y": 270,
    "w": 199.58846548725091,
    "h": 102.29369482035537
  },
  "k": {
    "x": 1417.3333333333333,
    "y": 269.42857142857144,
    "w": 99.1852523599869,
    "h": 72.91258394789739
  },
  "l": {
    "x": 1463,
    "y": 274.8888888888889,
    "w": 105.40588218880386,
    "h": 75.86537784494027
  },
  "m": {
    "x": 1415.2962962962963,
    "y": 340.6666666666667,
    "w": 83.19959639028409,
    "h": 80.63084604128457
  },
  "n": {
    "x": 1319.3947368421052,
    "y": 341.86842105263156,
    "w": 98.1281173967111,
    "h": 83.07199093960827
  },
  "o": {
    "x": 1440.4895833333333,
    "y": 198.71875,
    "w": 106.96025473861772,
    "h": 68.23875250728138
  },
  "p": {
    "x": 1494.7777777777778,
    "y": 195.33333333333334,
    "w": 110.60841840575347,
    "h": 66.15134163416491
  },
  "q": {
    "x": 65.14285714285714,
    "y": 182.14285714285714,
    "w": 93.19630368425649,
    "h": 37.86980920178489
  },
  "r": {
    "x": 206.7972972972973,
    "y": 174.4189189189189,
    "w": 113.37086596894213,
    "h": 52.464722573194344
  },
  "s": {
    "x": 141.23376623376623,
    "y": 236.88311688311688,
    "w": 137.6451545267107,
    "h": 64.63625795533974
  },
  "t": {
    "x": 260.0857142857143,
    "y": 177.8761904761905,
    "w": 62.101010540925,
    "h": 52.91737109178144
  },
  "u": {
    "x": 1344.8444444444444,
    "y": 201.46666666666667,
    "w": 122.7938471133179,
    "h": 59.95464952778893
  },
  "v": {
    "x": 246.28571428571428,
    "y": 303.7142857142857,
    "w": 95.28560719634163,
    "h": 62.98687910013888
  },
  "w": {
    "x": 117.15384615384616,
    "y": 180.46153846153845,
    "w": 66.22393424930009,
    "h": 51.700548793626254
  },
  "x": {
    "x": 141.33333333333334,
    "y": 300.8333333333333,
    "w": 91.26883367283709,
    "h": 59.135437767890075
  },
  "y": {
    "x": 1302,
    "y": 200.27586206896552,
    "w": 77.62509370309186,
    "h": 72.08437386843806
  },
  "z": {
    "x": 121.66666666666667,
    "y": 299.3333333333333,
    "w": 120.13325934144964,
    "h": 55.60575509783136
  }
}
