{
  "a": {
    "x": 79.28235294117647,
    "y": 244.50588235294117,
    "w": 86.66338171398463,
    "h": 74.13095678814125
  },
  "b": {
    "x": 1294.9375,
    "y": 342.75,
    "w": 81.95187230930114,
    "h": 93.2778108662505
  },
  "c": {
    "x": 203.48387096774192,
    "y": 307.7096774193548,
    "w": 108.8341012849254,
    "h": 80.7892390398684
  },
  "d": {
    "x": 206.75757575757575,
    "y": 250.5151515151515,
    "w": 115.81832453252233,
    "h": 75.49287088009706
  },
  "e": {
    "x": 189.2888888888889,
    "y": 176.23703703703703,
    "w": 109.1808693051224,
    "h": 66.73013275338172
  },
  "f": {
    "x": 273.3333333333333,
    "y": 252.05555555555554,
    "w": 56.3205113613149,
    "h": 108.34153815083522
  },
  "g": {
    "x": 280.52941176470586,
    "y": 245.64705882352942,
    "w": 52.02740826787997,
    "h": 60.384924445974264
  },
  "h": {
    "x": 1305.53125,
    "y": 277.5625,
    "w": 84.94536387437516,
    "h": 105.71475476488607
  },
  "i": {
    "x": 1376.1527777777778,
    "y": 206.15277777777777,
    "w": 116.19233934396112,
    "h": 87.74770493991409
  },
  "j": {
    "x": 1330.090909090909,
    "y": 276.54545454545456,
    "w": 143.05266902683945,
    "h": 101.22260878344137
  },
  "k": {
    "x": 1397.2727272727273,
    "y": 273.04545454545456,
    "w": 112.15028288155685,
    "h": 86.37191347895755
  },
  "l": {
    "x": 1454.3030303030303,
    "y": 276.2121212121212,
    "w": 105.48056105430317,
    "h": 103.29929235794839
  },
  "m": {
    "x": 1405.111111111111,
    "y": 339.81481481481484,
    "w": 93.67081841332562,
    "h": 141.1952505059292
  },
  "n": {
    "x": 1307.9830508474577,
    "y": 342.22033898305085,
    "w": 65.944428303276,
    "h": 119.32215909084341
  },
  "o": {
    "x": 1431.2857142857142,
    "y": 197.98901098901098,
    "w": 88.55448260435466,
    "h": 83.92694392407728
  },
  "p": {
    "x": 1468.1818181818182,
    "y": 200.8181818181818,
    "w": 158.88558178504923,
    "h": 73.47659435055064
  },
  "q": { "x": 77, "y": 190, "w": 124.97384341717887, "h": 146.06215747466504 },
  "r": {
    "x": 227.12280701754386,
    "y": 180.2982456140351,
    "w": 125.90758603677003,
    "h": 60.304123056535104
  },
  "s": {
    "x": 151.58227848101265,
    "y": 251.30379746835442,
    "w": 95.2356003823963,
    "h": 77.70061979350915
  },
  "t": {
    "x": 277.5897435897436,
    "y": 183.84615384615384,
    "w": 56.411421899381864,
    "h": 56.66970638093845
  },
  "u": {
    "x": 1339.4571428571428,
    "y": 204.4,
    "w": 133.67515911067883,
    "h": 71.80258650335257
  },
  "v": {
    "x": 275.8,
    "y": 311.45,
    "w": 74.44837137238127,
    "h": 88.3340817578357
  },
  "w": {
    "x": 129.05555555555554,
    "y": 177.5,
    "w": 87.71481567494106,
    "h": 66.27971031922213
  },
  "x": {
    "x": 152.63636363636363,
    "y": 309,
    "w": 77.01926344849555,
    "h": 45.262868587035804
  },
  "y": {
    "x": 1285.6129032258063,
    "y": 205.7741935483871,
    "w": 61.673640051575035,
    "h": 94.47223466049789
  },
  "z": {
    "x": 126.23076923076923,
    "y": 300.9230769230769,
    "w": 131.24582833607056,
    "h": 79.40607938808579
  }
}
