{
  "a": {
    "x": 77.10588235294118,
    "y": 240.3764705882353,
    "w": 76.94778169165397,
    "h": 55.7631868743226
  },
  "b": {
    "x": 1294.125,
    "y": 335.5625,
    "w": 49.334952113081044,
    "h": 56.99876643402031
  },
  "c": {
    "x": 204.3548387096774,
    "y": 300,
    "w": 122.92136010487036,
    "h": 61.28305559635393
  },
  "d": {
    "x": 205.24242424242425,
    "y": 244.6969696969697,
    "w": 129.1597767646116,
    "h": 53.756721663127315
  },
  "e": {
    "x": 188.02173913043478,
    "y": 177.31884057971016,
    "w": 120.88039519826704,
    "h": 56.91634826157502
  },
  "f": {
    "x": 273.22222222222223,
    "y": 245.33333333333334,
    "w": 62.467769467319876,
    "h": 70.3420215802759
  },
  "g": {
    "x": 277.7647058823529,
    "y": 240.05882352941177,
    "w": 41.494236061139596,
    "h": 54.54511481492189
  },
  "h": {
    "x": 1307.75,
    "y": 271.53125,
    "w": 75.83534795858723,
    "h": 58.88306075392141
  },
  "i": {
    "x": 1378.2112676056338,
    "y": 200.18309859154928,
    "w": 106.85740897108391,
    "h": 57.956553647472184
  },
  "j": {
    "x": 1331,
    "y": 267.1818181818182,
    "w": 142.83620625801365,
    "h": 73.74335661351536
  },
  "k": {
    "x": 1405.1304347826087,
    "y": 266.9130434782609,
    "w": 102.27284756823994,
    "h": 67.57982047997656
  },
  "l": {
    "x": 1459.40625,
    "y": 271.5625,
    "w": 101.71127564704908,
    "h": 69.87388192307623
  },
  "m": {
    "x": 1405.8846153846155,
    "y": 330.7307692307692,
    "w": 98.49629795103559,
    "h": 77.06344884527938
  },
  "n": {
    "x": 1314.7586206896551,
    "y": 330.62068965517244,
    "w": 72.47524486138012,
    "h": 77.0941638972462
  },
  "o": {
    "x": 1437.0898876404494,
    "y": 196.67415730337078,
    "w": 98.97758867652654,
    "h": 53.04225792818818
  },
  "p": {
    "x": 1482.2727272727273,
    "y": 199.36363636363637,
    "w": 111.96044165627326,
    "h": 51.567816217302514
  },
  "q": {
    "x": 72.92307692307692,
    "y": 181.69230769230768,
    "w": 99.30265732335309,
    "h": 124.38268872491007
  },
  "r": {
    "x": 227.6315789473684,
    "y": 180.5438596491228,
    "w": 119.7398842875534,
    "h": 54.61139470964795
  },
  "s": {
    "x": 146.24358974358975,
    "y": 246,
    "w": 97.17162880073064,
    "h": 61.90066484047088
  },
  "t": {
    "x": 273.46153846153845,
    "y": 180.7948717948718,
    "w": 54.448499090924784,
    "h": 58.71201403218915
  },
  "u": {
    "x": 1338.2,
    "y": 200.31428571428572,
    "w": 130.00413180247114,
    "h": 53.90985673382211
  },
  "v": {
    "x": 275,
    "y": 304.8,
    "w": 82.24597254577273,
    "h": 60.733516282197925
  },
  "w": {
    "x": 120.11111111111111,
    "y": 179.72222222222223,
    "w": 75.83901077648333,
    "h": 77.63518675331582
  },
  "x": {
    "x": 157.72727272727272,
    "y": 299.72727272727275,
    "w": 99.35361340116305,
    "h": 50.335732342077065
  },
  "y": {
    "x": 1286.5483870967741,
    "y": 202.25806451612902,
    "w": 98.24596964511497,
    "h": 61.82954649663206
  },
  "z": {
    "x": 116.58333333333333,
    "y": 300.5,
    "w": 91.63378198022824,
    "h": 62.71363488110062
  }
}
