{
  "a": {
    "x": 88.60919540229885,
    "y": 233.5287356321839,
    "w": 89.96255000988256,
    "h": 83.89569425699543
  },
  "b": {
    "x": 1287.3333333333333,
    "y": 361.2,
    "w": 127.4801945401716,
    "h": 146.10462005015447
  },
  "c": {
    "x": 206.25806451612902,
    "y": 305.8709677419355,
    "w": 128.85671930598642,
    "h": 82.7568181295673
  },
  "d": {
    "x": 204.78125,
    "y": 237.9375,
    "w": 108.82739702735704,
    "h": 72.15510636815665
  },
  "e": {
    "x": 183.64705882352942,
    "y": 169.75,
    "w": 126.63397107315944,
    "h": 87.0053243806851
  },
  "f": {
    "x": 251.78947368421052,
    "y": 240.8421052631579,
    "w": 110.18111506217159,
    "h": 116.44627118127126
  },
  "g": {
    "x": 279.8235294117647,
    "y": 238.2941176470588,
    "w": 60.25482220217661,
    "h": 100.75218836436066
  },
  "h": {
    "x": 1298.625,
    "y": 276.5,
    "w": 115.66303428494344,
    "h": 90.78408450824406
  },
  "i": {
    "x": 1370.2676056338028,
    "y": 204.9718309859155,
    "w": 136.1447530060456,
    "h": 75.7339646794635
  },
  "j": {
    "x": 1327.6363636363637,
    "y": 272.8181818181818,
    "w": 214.07127877577182,
    "h": 121.2971217116762
  },
  "k": {
    "x": 1398.6363636363637,
    "y": 271.72727272727275,
    "w": 96.6886457391768,
    "h": 85.3753985506712
  },
  "l": {
    "x": 1447.3125,
    "y": 275.84375,
    "w": 131.18301862283852,
    "h": 103.23999270510436
  },
  "m": {
    "x": 1395.7407407407406,
    "y": 351.962962962963,
    "w": 117.42336613119318,
    "h": 101.94745681289594
  },
  "n": {
    "x": 1303.1379310344828,
    "y": 356.7931034482759,
    "w": 88.52900127408758,
    "h": 93.2699660320231
  },
  "o": {
    "x": 1431.0222222222221,
    "y": 199.12222222222223,
    "w": 96.7139194853679,
    "h": 93.07987012357839
  },
  "p": {
    "x": 1476.090909090909,
    "y": 198.36363636363637,
    "w": 143.82841016380573,
    "h": 74.86450570781881
  },
  "q": {
    "x": 74.08333333333333,
    "y": 185.41666666666666,
    "w": 107.73462767374286,
    "h": 80.47825793343193
  },
  "r": {
    "x": 217.79310344827587,
    "y": 174.43103448275863,
    "w": 119.91596344003861,
    "h": 76.70904152138526
  },
  "s": {
    "x": 152.78481012658227,
    "y": 240.8987341772152,
    "w": 87.375249500556,
    "h": 82.79017518325408
  },
  "t": {
    "x": 273.70512820512823,
    "y": 174.55128205128204,
    "w": 75.52957021148313,
    "h": 78.63438728638587
  },
  "u": {
    "x": 1331.4705882352941,
    "y": 200.91176470588235,
    "w": 133.15989296115256,
    "h": 68.43168998184706
  },
  "v": {
    "x": 269.6842105263158,
    "y": 322.89473684210526,
    "w": 68.24560501510787,
    "h": 77.44893769535193
  },
  "w": {
    "x": 129.83333333333334,
    "y": 174.38888888888889,
    "w": 91.0439454329611,
    "h": 74.32735401960409
  },
  "x": {
    "x": 156.45454545454547,
    "y": 304.3636363636364,
    "w": 70.7789014647867,
    "h": 88.96763270662812
  },
  "y": {
    "x": 1272.3870967741937,
    "y": 207.51612903225808,
    "w": 153.0895557206945,
    "h": 88.15358841751421
  },
  "z": {
    "x": 133.33333333333334,
    "y": 300.9166666666667,
    "w": 150.74481748969015,
    "h": 69.64732586395546
  }
}
